Rank,Player,Team,Positions,Best,Worst,Avg,Std Dev,ADP,vs. ADP
1,Ronald Acuna Jr.,ATL,RF,1,1,1.0,0.0,1.0,-
2,Bobby Witt Jr.,KC,SS,2,12,3.0,1.4,3.0,+1.0
3,Julio Rodriguez,SEA,CF,2,8,3.1,0.9,6.0,+3.0
4,Corbin Carroll,ARI,"LF,CF,RF",2,9,4.7,1.5,5.0,+1.0
5,Mookie Betts,LAD,"2B,SS,RF",2,10,4.8,1.7,2.0,-3.0
6,Kyle Tucker,HOU,RF,3,15,6.7,1.3,4.0,-2.0
7,Freddie Freeman,LAD,1B,2,17,9.0,2.0,7.0,-
8,Fernando Tatis Jr.,SD,RF,4,29,9.2,4.3,11.0,+3.0
9,Aaron Judge,NYY,"CF,RF,DH",2,15,9.6,2.6,9.0,-
10,Juan Soto,NYY,LF,4,18,9.9,2.1,8.0,-2.0
11,Spencer Strider,ATL,SP,4,29,11.1,3.8,10.0,-1.0
12,Shohei Ohtani,LAD,DH,11,17,13.3,0.3,,
13,Trea Turner,PHI,SS,6,28,13.4,3.7,17.0,+4.0
14,Jose Ramirez,CLE,"3B,DH",9,22,13.9,2.4,14.0,-
15,Matt Olson,ATL,1B,7,18,14.4,2.0,15.0,-
16,Yordan Alvarez,HOU,"LF,DH",12,21,15.6,2.1,16.0,-
17,Gerrit Cole,NYY,SP,10,30,16.2,3.3,13.0,-4.0
18,Bryce Harper,PHI,"1B,DH",14,27,18.2,2.0,21.0,+3.0
19,Austin Riley,ATL,3B,12,23,18.9,1.3,18.0,-1.0
20,Rafael Devers,BOS,3B,18,27,21.0,2.1,20.0,-
21,Corey Seager,TEX,SS,12,38,24.1,6.7,23.0,+2.0
22,Pete Alonso,NYM,1B,16,44,24.4,2.9,27.0,+5.0
23,Ozzie Albies,ATL,2B,14,42,24.8,4.9,22.0,-1.0
24,Marcus Semien,TEX,2B,13,40,25.0,4.8,25.0,+1.0
25,Corbin Burnes,BAL,SP,13,39,25.2,3.1,19.0,-6.0
26,Francisco Lindor,NYM,SS,13,44,25.4,5.5,29.0,+3.0
27,Zack Wheeler,PHI,SP,19,50,27.2,3.6,26.0,-1.0
28,Vladimir Guerrero Jr.,TOR,"1B,DH",20,41,28.5,5.2,24.0,-4.0
29,Luis Robert Jr.,CWS,CF,22,40,29.5,4.3,36.0,+7.0
30,Kevin Gausman,TOR,SP,13,49,30.0,5.4,28.0,-2.0
31,Michael Harris II,ATL,CF,24,42,32.2,3.8,33.0,+2.0
32,Luis Castillo,SEA,SP,24,50,33.3,6.5,30.0,-2.0
33,Bo Bichette,TOR,SS,25,47,34.1,4.2,37.0,+4.0
34,Gunnar Henderson,BAL,"3B,SS",25,53,34.6,5.2,31.0,-3.0
35,Jose Altuve,HOU,2B,23,53,36.3,5.4,34.0,-1.0
36,Pablo Lopez,MIN,SP,25,65,37.9,4.9,35.0,-1.0
37,Randy Arozarena,TB,LF,20,52,38.1,5.5,43.0,+6.0
38,Elly De La Cruz,CIN,"3B,SS",20,81,38.2,9.0,39.0,+1.0
39,Adolis Garcia,TEX,"CF,RF",23,69,39.8,4.9,44.0,+5.0
40,George Kirby,SEA,SP,27,76,41.0,8.7,40.0,-
41,Zac Gallen,ARI,SP,30,75,42.1,6.9,32.0,-9.0
42,CJ Abrams,WSH,SS,15,93,46.5,11.8,58.0,+16.0
43,Tyler Glasnow,LAD,SP,25,107,47.6,11.4,41.0,-2.0
44,Tarik Skubal,DET,SP,38,106,50.0,8.1,49.0,+5.0
45,Yoshinobu Yamamoto,LAD,SP,35,123,50.4,10.8,47.0,+2.0
46,Manny Machado,SD,"3B,DH",29,79,50.6,7.8,50.0,+4.0
47,Mike Trout,LAA,CF,30,92,53.2,10.6,53.0,+6.0
48,Nolan Jones,COL,"1B,LF,RF",39,68,53.2,8.2,66.0,+18.0
49,Paul Goldschmidt,STL,"1B,DH",30,77,53.3,11.5,64.0,+15.0
50,Aaron Nola,PHI,SP,27,78,53.4,9.7,42.0,-8.0
51,Logan Webb,SF,SP,38,65,55.0,5.2,48.0,-3.0
52,Adley Rutschman,BAL,"C,DH",40,100,55.9,9.3,38.0,-14.0
53,Devin Williams,MIL,RP,34,263,56.3,10.8,46.0,-7.0
54,Framber Valdez,HOU,SP,36,94,56.5,10.6,51.0,-3.0
55,Jazz Chisholm Jr.,MIA,CF,27,103,57.0,11.1,81.0,+26.0
56,Royce Lewis,MIN,3B,41,92,57.0,10.8,65.0,+9.0
57,Cody Bellinger,,"1B,CF ",25,89,57.2,13.1,52.0,-5.0
58,Freddy Peralta,MIL,SP,45,100,57.6,8.8,54.0,-4.0
59,Max Fried,ATL,SP,39,88,57.9,8.2,45.0,-14.0
60,Matt McLain,CIN,"2B,SS",41,117,58.4,13.9,63.0,+3.0
61,Josh Hader,HOU,RP,39,265,61.1,16.1,56.0,-5.0
62,Christian Yelich,MIL,"LF,DH",37,86,64.9,7.3,72.0,+10.0
63,Oneil Cruz,PIT,SS,38,94,65.4,9.4,85.0,+22.0
64,Kodai Senga,NYM,SP,48,96,66.1,10.7,61.0,-3.0
65,Edwin Diaz,NYM,RP,42,269,66.8,22.8,60.0,-5.0
66,Logan Gilbert,SEA,SP,49,96,68.7,11.3,67.0,+1.0
67,Nico Hoerner,CHC,"2B,SS",34,105,69.0,15.5,57.0,-10.0
68,Blake Snell,,SP ,44,114,69.2,12.9,55.0,-13.0
69,Emmanuel Clase,CLE,RP,36,264,69.7,12.1,59.0,-10.0
70,Josh Lowe,TB,"CF,RF,DH",40,108,70.7,11.7,92.0,+22.0
71,Kyle Schwarber,PHI,"LF,DH",44,113,72.8,17.0,62.0,-9.0
72,Christian Walker,ARI,1B,48,145,75.3,10.0,79.0,+7.0
73,Zach Eflin,TB,SP,40,106,76.6,12.6,76.0,+3.0
74,J.T. Realmuto,PHI,C,52,105,77.0,8.0,74.0,-
75,Jhoan Duran,MIN,RP,46,266,78.7,16.7,75.0,-
76,Alex Bregman,HOU,3B,53,109,79.7,12.3,68.0,-8.0
77,Bryan Reynolds,PIT,"LF,CF",40,109,80.9,10.9,80.0,+3.0
78,Gleyber Torres,NYY,2B,66,134,81.9,13.5,89.0,+11.0
79,Will Smith,LAD,C,62,106,82.3,9.0,70.0,-9.0
80,Nolan Arenado,STL,3B,52,153,82.5,8.5,77.0,-3.0
81,Grayson Rodriguez,BAL,SP,44,144,82.6,17.0,69.0,-12.0
82,Eury Perez,MIA,SP,57,150,84.5,20.3,99.0,+17.0
83,Triston Casas,BOS,1B,52,113,84.8,10.9,98.0,+15.0
84,Camilo Doval,SF,RP,53,267,85.3,26.2,71.0,-13.0
85,Bobby Miller,LAD,SP,61,138,85.7,16.4,84.0,-1.0
86,William Contreras,MIL,"C,DH",47,164,87.8,17.1,73.0,-13.0
87,Jesus Luzardo,MIA,SP,57,107,89.0,8.7,78.0,-9.0
88,Ha-Seong Kim,SD,"2B,3B,SS",63,184,91.6,31.4,82.0,-6.0
89,Josh Jung,TEX,3B,73,168,92.7,16.0,113.0,+24.0
90,Joe Ryan,MIN,SP,60,134,92.8,15.3,90.0,-
91,Raisel Iglesias,ATL,RP,54,271,95.6,22.1,83.0,-8.0
92,Jordan Romano,TOR,RP,56,268,95.9,16.9,86.0,-6.0
93,David Bednar,PIT,RP,57,270,96.5,18.1,87.0,-6.0
94,Nick Castellanos,PHI,RF,71,184,97.2,13.9,101.0,+7.0
95,Xander Bogaerts,SD,SS,62,166,97.4,15.2,97.0,+2.0
96,Spencer Torkelson,DET,1B,77,125,97.9,11.0,114.0,+18.0
97,Justin Steele,CHC,SP,71,133,100.0,11.8,91.0,-6.0
98,Ketel Marte,ARI,2B,51,129,100.2,12.8,100.0,+2.0
99,George Springer,TOR,"RF,DH",62,129,100.4,11.6,103.0,+4.0
100,Seiya Suzuki,CHC,RF,75,123,101.5,10.4,110.0,+10.0
101,Joe Musgrove,SD,SP,60,126,103.6,11.4,95.0,-6.0
102,Alexis Diaz,CIN,RP,62,272,105.2,23.1,94.0,-8.0
103,Yandy Diaz,TB,"1B,3B",69,138,107.3,14.7,105.0,+2.0
104,Spencer Steer,CIN,"1B,2B,3B,LF",37,165,107.4,16.5,96.0,-8.0
105,Evan Carter,TEX,LF,65,149,110.5,17.9,112.0,+7.0
106,Jordan Walker,STL,"LF,RF",66,173,110.5,17.4,127.0,+21.0
107,Bryson Stott,PHI,2B,43,198,111.2,22.2,106.0,-1.0
108,Dansby Swanson,CHC,SS,85,162,112.0,16.1,123.0,+15.0
109,Andres Gimenez,CLE,2B,84,189,115.4,19.1,120.0,+11.0
110,Josh Naylor,CLE,"1B,DH",84,177,117.1,13.1,128.0,+18.0
111,Lane Thomas,WSH,"CF,RF",64,220,117.1,33.0,119.0,+8.0
112,Tanner Bibee,CLE,SP,67,175,117.2,17.0,104.0,-8.0
113,Sonny Gray,STL,SP,88,155,117.9,10.1,108.0,-5.0
114,Paul Sewald,ARI,RP,86,274,118.4,25.4,109.0,-5.0
115,Cole Ragans,KC,"SP,RP",65,193,120.0,27.5,102.0,-13.0
116,Dylan Cease,CWS,SP,76,215,121.2,27.1,93.0,-23.0
117,Justin Verlander,HOU,SP,85,151,121.5,14.3,111.0,-6.0
118,Andres Munoz,SEA,RP,86,273,122.0,26.2,115.0,-3.0
119,Walker Buehler,LAD,SP,77,174,122.1,21.5,125.0,+6.0
120,Teoscar Hernandez,LAD,"RF,DH",65,208,125.2,20.8,126.0,+6.0
121,Anthony Santander,BAL,"1B,RF,DH",75,202,125.5,15.4,118.0,-3.0
122,Zack Gelof,OAK,2B,76,171,126.0,13.3,139.0,+17.0
123,Pete Fairbanks,TB,RP,85,222,129.5,28.6,124.0,+1.0
124,Ryan Helsley,STL,RP,95,180,129.5,22.2,117.0,-7.0
125,Vinnie Pasquantino,KC,1B,83,165,129.9,20.5,141.0,+16.0
126,Yainer Diaz,HOU,"C,1B,DH",87,177,131.6,18.4,107.0,-19.0
127,Evan Phillips,LAD,RP,103,195,133.6,19.9,122.0,-5.0
128,Ian Happ,CHC,LF,49,192,135.1,21.5,148.0,+20.0
129,Anthony Volpe,NYY,SS,97,199,136.1,20.6,140.0,+11.0
130,Chris Bassitt,TOR,SP,89,203,137.2,16.9,116.0,-14.0
131,Riley Greene,DET,"CF,RF",55,189,137.8,20.1,170.0,+39.0
132,Marcell Ozuna,ATL,"LF,DH",80,204,140.2,16.8,137.0,+5.0
133,Jorge Soler,SF,"RF,DH",105,202,140.3,20.3,163.0,+30.0
134,Cedric Mullins II,BAL,CF,36,200,140.4,21.9,130.0,-4.0
135,Esteury Ruiz,OAK,"LF,CF,RF",103,186,142.1,20.9,134.0,-1.0
136,TJ Friedl,CIN,"LF,CF",96,239,142.3,21.3,153.0,+17.0
137,Clay Holmes,NYY,RP,107,211,143.5,20.4,138.0,+1.0
138,Luis Arraez,MIA,2B,99,193,144.4,19.5,121.0,-17.0
139,Christian Encarnacion-Strand,CIN,"1B,DH",71,216,147.5,25.1,146.0,+7.0
140,Masataka Yoshida,BOS,"LF,DH",79,192,147.6,20.1,149.0,+9.0
141,Jordan Montgomery,,SP ,86,212,148.8,22.5,133.0,-8.0
142,Tanner Scott,MIA,RP,93,308,149.7,46.4,142.0,-
143,Cal Raleigh,SEA,C,107,191,149.7,19.9,132.0,-11.0
144,Hunter Greene,CIN,SP,87,216,150.3,26.9,129.0,-15.0
145,Salvador Perez,KC,"C,1B,DH",81,210,150.4,22.0,136.0,-9.0
146,Sean Murphy,ATL,C,126,207,153.9,16.5,144.0,-2.0
147,Merrill Kelly,ARI,SP,91,198,155.3,23.0,131.0,-16.0
148,Jackson Chourio,MIL,CF,73,239,157.2,41.7,164.0,+16.0
149,Max Muncy,LAD,3B,95,211,158.0,23.5,150.0,+1.0
150,Thairo Estrada,SF,"2B,SS",125,207,158.5,20.0,166.0,+16.0
151,Rhys Hoskins,MIL,1B,104,209,159.6,24.9,186.0,+35.0
152,Chris Sale,ATL,SP,109,219,159.8,30.2,145.0,-7.0
153,Chas McCormick,HOU,"LF,CF,RF",101,199,160.7,19.0,173.0,+20.0
154,Shane Bieber,CLE,SP,109,225,160.8,28.0,135.0,-19.0
155,Kyle Bradish,BAL,SP,65,391,148.0,91.1,88.0,-67.0
156,Willson Contreras,STL,"C,DH",122,255,161.3,24.3,154.0,-2.0
157,Francisco Alvarez,NYM,C,104,206,162.1,19.9,155.0,-2.0
158,Alec Bohm,PHI,"1B,3B",127,240,162.1,24.5,151.0,-7.0
159,Jake Burger,MIA,"3B,DH",126,207,162.4,15.1,171.0,+12.0
160,Kenley Jansen,BOS,RP,113,299,163.3,43.3,157.0,-3.0
161,James Outman,LAD,"LF,CF",73,217,164.6,25.8,183.0,+22.0
162,Mitch Keller,PIT,SP,105,266,164.6,34.4,143.0,-19.0
163,Brandon Nimmo,NYM,"LF,CF",53,220,165.4,27.1,165.0,+2.0
164,Carlos Rodon,NYY,SP,94,240,166.4,31.4,162.0,-2.0
165,Nolan Gorman,STL,"2B,3B,DH",126,218,168.1,20.7,187.0,+22.0
166,Gabriel Moreno,ARI,C,118,278,170.5,30.4,156.0,-10.0
167,Nathaniel Lowe,TEX,1B,122,227,172.0,22.9,188.0,+21.0
168,Bailey Ober,MIN,SP,111,259,173.3,28.4,160.0,-8.0
169,Willy Adames,MIL,SS,128,235,173.6,17.7,189.0,+20.0
170,Tommy Edman,STL,"2B,SS,CF,RF",140,244,173.9,26.3,167.0,-3.0
171,Noelvi Marte,CIN,3B,128,243,174.2,26.3,191.0,+20.0
172,Ke'Bryan Hayes,PIT,3B,137,251,175.5,17.9,185.0,+13.0
173,Eloy Jimenez,CWS,"RF,DH",111,280,176.4,23.3,176.0,+3.0
174,Gavin Williams,CLE,SP,96,279,177.2,40.3,193.0,+19.0
175,Hunter Brown,HOU,SP,114,245,178.0,23.9,169.0,-6.0
176,Trevor Story,BOS,SS,127,270,179.3,30.0,217.0,+41.0
177,Yu Darvish,SD,SP,118,240,179.5,23.5,172.0,-5.0
178,Jarren Duran,BOS,"LF,CF",129,287,179.7,28.3,212.0,+34.0
179,Jose Berrios,TOR,SP,104,248,179.8,29.5,158.0,-21.0
180,Cristian Javier,HOU,SP,97,229,179.9,23.5,161.0,-19.0
181,Edouard Julien,MIN,"2B,DH",131,273,180.9,26.9,223.0,+42.0
182,Lars Nootbaar,STL,"LF,CF,RF",121,260,182.1,28.1,201.0,+19.0
183,Isaac Paredes,TB,"1B,2B,3B",76,241,183.9,19.3,168.0,-15.0
184,Jonah Heim,TEX,C,144,235,184.6,23.0,182.0,-2.0
185,Wyatt Langford,TEX,LF ,81,322,185.9,55.6,192.0,+7.0
186,Steven Kwan,CLE,LF,85,225,186.9,18.3,175.0,-11.0
187,Craig Kimbrel,BAL,RP,108,249,164.7,34.5,152.0,-35.0
188,Michael King,SD,"SP,RP",111,275,165.1,38.7,147.0,-41.0
189,Christopher Morel,CHC,"2B,CF,RF,DH",134,242,191.1,24.3,205.0,+16.0
190,Adbert Alzolay,CHC,RP,119,329,180.7,46.3,159.0,-31.0
191,J.D. Martinez,,"LF,DH ",121,253,192.2,24.2,214.0,+23.0
192,Kerry Carpenter,DET,"LF,RF,DH",122,231,193.2,17.1,210.0,+18.0
193,Eduardo Rodriguez,ARI,SP,123,264,194.0,31.2,177.0,-16.0
194,Ezequiel Tovar,COL,SS,123,322,194.2,33.2,200.0,+6.0
195,Nathan Eovaldi,TEX,SP,129,265,198.9,28.5,181.0,-14.0
196,Braxton Garrett,MIA,SP,122,315,202.8,42.8,180.0,-16.0
197,Jeimer Candelario,CIN,"1B,3B",144,236,203.0,18.1,215.0,+18.0
198,Bryan Woo,SEA,SP,123,300,203.1,31.2,209.0,+11.0
199,Bryce Miller,SEA,SP,146,295,205.9,30.0,184.0,-15.0
200,Ryan Mountcastle,BAL,"1B,DH",159,254,206.9,21.2,242.0,+42.0
201,Keibert Ruiz,WSH,C,136,298,208.4,34.7,174.0,-27.0
202,Jarred Kelenic,ATL,"LF,CF,RF",173,259,209.0,14.2,235.0,+33.0
203,Carlos Correa,MIN,SS,159,264,209.4,21.1,213.0,+10.0
204,Daulton Varsho,TOR,"LF,CF",130,273,209.7,20.6,216.0,+12.0
205,Jonathan India,CIN,2B,132,278,209.8,31.8,206.0,+1.0
206,Lourdes Gurriel Jr.,ARI,"LF,DH",174,266,210.2,21.0,207.0,+1.0
207,Byron Buxton,MIN,DH,131,263,211.2,20.1,251.0,+44.0
208,Tyler O'Neill,BOS,"LF,CF",135,250,211.5,15.8,237.0,+29.0
209,Logan O'Hoppe,LAA,C,142,294,212.3,32.5,204.0,-5.0
210,Bo Naylor,CLE,C,157,267,213.0,25.1,218.0,+8.0
211,Andrew Vaughn,CWS,1B,154,249,215.2,19.8,257.0,+46.0
212,Jeremy Pena,HOU,SS,177,299,216.2,25.3,225.0,+13.0
213,Brandon Pfaadt,ARI,SP,137,277,217.0,31.2,228.0,+15.0
214,Shane Baz,TB,SP,68,302,207.0,43.1,196.0,-18.0
215,Taylor Ward,LAA,LF,165,273,217.2,16.8,243.0,+28.0
216,Starling Marte,NYM,RF,157,280,217.4,20.9,220.0,+4.0
217,Brandon Drury,LAA,"1B,2B",180,270,219.4,23.5,236.0,+19.0
218,Brandon Lowe,TB,2B,155,309,220.8,28.6,287.0,+69.0
219,Jack Suwinski,PIT,"LF,CF,RF",102,295,221.6,24.4,282.0,+63.0
220,Ryan Pepiot,TB,"SP,RP",137,276,212.0,34.9,198.0,-22.0
221,Aaron Civale,TB,SP,148,302,224.8,31.1,222.0,+1.0
222,Matt Chapman,,3B ,158,287,226.8,21.7,270.0,+48.0
223,Jorge Polanco,SEA,"2B,3B",115,263,217.9,24.3,246.0,+23.0
224,Mitch Garver,SEA,"C,DH",151,339,228.7,46.0,234.0,+10.0
225,Charlie Morton,ATL,SP,147,279,230.5,28.7,194.0,-31.0
226,Jose Leclerc,TEX,RP,168,317,221.0,36.7,199.0,-27.0
227,Alex Lange,DET,RP,163,302,222.4,32.5,211.0,-16.0
228,Triston McKenzie,CLE,SP,140,285,234.6,26.3,221.0,-7.0
229,Shota Imanaga,CHC,SP,166,360,234.7,51.2,203.0,-26.0
230,Jose Alvarado,PHI,RP,93,350,225.3,46.8,197.0,-33.0
231,Jackson Holliday,BAL,"2B,SS ",143,454,216.4,67.1,190.0,-41.0
232,Junior Caminero,TB,"3B,SS",117,515,232.3,77.8,202.0,-30.0
233,Josh Bell,MIA,"1B,DH",171,289,238.9,23.9,268.0,+35.0
234,Nick Pivetta,BOS,"SP,RP",126,315,220.8,46.3,179.0,-55.0
235,Jose Abreu,HOU,1B,191,304,241.1,19.7,248.0,+13.0
236,Vaughn Grissom,BOS,SS,120,268,232.9,33.0,238.0,+2.0
237,Eugenio Suarez,ARI,3B,174,286,242.0,30.3,266.0,+29.0
238,Ryan McMahon,COL,"2B,3B",178,280,236.8,22.4,276.0,+38.0
239,J.P. Crawford,SEA,SS,74,373,237.2,38.7,229.0,-10.0
240,Justin Turner,TOR,"1B,2B,3B,DH",178,301,246.3,29.2,208.0,-32.0
241,Nick Lodolo,CIN,SP,127,348,238.4,38.1,230.0,-11.0
242,Max Kepler,MIN,RF,177,310,240.3,29.5,308.0,+66.0
243,Brayan Bello,BOS,SP,170,362,249.2,37.9,240.0,-3.0
244,Lucas Giolito,BOS,SP,166,419,250.7,42.4,195.0,-49.0
245,Luis Campusano,SD,C,153,308,242.4,35.6,258.0,+13.0
246,Anthony Rizzo,NYY,1B,174,301,248.1,25.5,272.0,+26.0
247,Leody Taveras,TEX,CF,209,330,261.6,28.6,334.0,+87.0
248,Giancarlo Stanton,NYY,"RF,DH",145,314,261.7,26.6,244.0,-4.0
249,Maikel Garcia,KC,"3B,SS",200,413,255.5,40.8,290.0,+41.0
250,Andrew Abbott,CIN,SP,178,367,264.1,40.8,226.0,-24.0
251,Brent Rooker,OAK,"LF,RF,DH",191,312,256.5,34.7,326.0,+75.0
252,Kris Bryant,COL,"1B,RF,DH",208,314,258.6,24.9,275.0,+23.0
253,Jake Fraley,CIN,"LF,RF,DH",192,294,258.6,20.6,328.0,+75.0
254,Kenta Maeda,DET,SP,187,369,267.3,34.5,255.0,+1.0
255,Jung Hoo Lee,SF,CF,150,296,242.9,35.7,219.0,-36.0
256,Reid Detmers,LAA,SP,186,405,261.8,47.5,249.0,-7.0
257,Luis Rengifo,LAA,"2B,3B,SS,RF",217,291,253.9,20.6,283.0,+26.0
258,Taj Bradley,TB,SP,169,352,262.6,28.8,289.0,+31.0
259,Gavin Lux,LAD,"2B,LF",215,343,266.5,29.7,279.0,+20.0
260,Austin Hays,BAL,"LF,CF",202,307,260.9,30.5,309.0,+49.0
261,Cristopher Sanchez,PHI,SP,208,358,269.2,30.4,284.0,+23.0
262,Bryan De La Cruz,MIA,"LF,RF",187,374,270.9,34.3,274.0,+12.0
263,Alex Verdugo,NYY,RF,204,297,263.7,23.0,262.0,-1.0
264,Jose Siri,TB,CF,175,372,272.2,34.2,412.0,+148.0
265,Mason Miller,OAK,SP,177,363,257.8,37.5,259.0,-6.0
266,Emmet Sheehan,LAD,SP,198,362,275.2,31.3,293.0,+27.0
267,Tommy Pham,,"LF,CF,RF,DH ",203,313,261.5,30.5,341.0,+74.0
268,Kyle Finnegan,WSH,RP,212,309,267.6,22.2,233.0,-35.0
269,Sal Frelick,MIL,"CF,RF",210,331,276.6,26.1,303.0,+34.0
270,Whit Merrifield,PHI,"2B,LF",216,326,277.4,23.3,265.0,-5.0
271,Jeff McNeil,NYM,"2B,LF,RF",234,302,272.3,17.1,260.0,-11.0
272,MJ Melendez,KC,"C,LF,RF",165,342,281.0,33.0,267.0,-5.0
273,Zach Neto,LAA,SS,199,411,265.2,42.1,337.0,+64.0
274,Nestor Cortes Jr.,NYY,SP,158,310,267.5,19.1,224.0,-50.0
275,Jordan Lawlar,ARI,SS,162,618,283.8,86.4,383.0,+108.0
276,Max Scherzer,TEX,SP,169,300,255.8,34.1,227.0,-49.0
277,Carlos Estevez,LAA,RP,174,447,276.9,53.0,239.0,-38.0
278,Tyler Stephenson,CIN,"C,DH",229,338,276.3,27.0,261.0,-17.0
279,Ty France,SEA,1B,124,347,278.5,33.1,313.0,+34.0
280,Michael Wacha,KC,SP,216,349,280.7,28.0,278.0,-2.0
281,Kyle Harrison,SF,SP,203,376,283.9,37.0,241.0,-40.0
282,Ryan Pressly,HOU,RP,64,309,210.4,68.6,178.0,-104.0
283,Henry Davis,PIT,RF,218,432,290.9,45.4,335.0,+52.0
284,Marcus Stroman,NYY,SP,226,332,282.6,24.2,232.0,-52.0
285,Luke Raley,SEA,"1B,LF,CF,RF",186,371,292.7,37.1,436.0,+151.0
286,Yusei Kikuchi,TOR,SP,190,367,277.3,33.3,250.0,-36.0
287,Robert Suarez,SD,RP,203,353,277.9,35.8,245.0,-42.0
288,John Means,BAL,SP,232,368,289.9,29.8,256.0,-32.0
289,Joey Meneses,WSH,"1B,DH",219,315,283.4,26.4,311.0,+22.0
290,Nelson Velazquez,KC,"LF,RF",234,366,292.3,26.4,346.0,+56.0
291,Parker Meadows,DET,CF,243,378,292.4,34.6,344.0,+53.0
292,Brendan Donovan,STL,"1B,2B,LF,RF",247,475,297.6,50.9,292.0,-
293,Robert Stephenson,LAA,RP,142,407,260.0,64.0,231.0,-62.0
294,Joc Pederson,ARI,"LF,DH",220,351,293.3,39.2,386.0,+92.0
295,Reese Olson,DET,SP,237,365,297.3,29.9,317.0,+22.0
296,Mitch Haniger,SEA,"LF,RF",228,409,300.9,49.7,372.0,+76.0
297,Tim Anderson,,SS ,187,354,293.1,28.6,310.0,+13.0
298,Andrew Benintendi,CWS,LF,229,334,285.9,34.5,390.0,+92.0
299,Jake McCarthy,ARI,"CF,RF",204,480,300.4,61.3,360.0,+61.0
300,Charlie Blackmon,COL,"RF,DH",234,344,296.2,29.3,379.0,+79.0
301,Kutter Crawford,BOS,"SP,RP",193,384,298.3,34.5,294.0,-7.0
302,Kyle Manzardo,CLE,1B ,210,703,311.0,119.8,348.0,+46.0
303,Edward Cabrera,MIA,SP,231,354,295.8,26.9,305.0,+2.0
304,Yuki Matsui,SD,RP,140,436,288.6,70.1,331.0,+27.0
305,Seth Lugo,KC,SP,230,393,309.1,36.9,297.0,-8.0
306,Alejandro Kirk,TOR,C,257,348,303.6,27.4,247.0,-59.0
307,Luis Severino,NYM,SP,261,516,311.0,63.0,281.0,-26.0
308,Alex Kirilloff,MIN,"1B,LF,RF",188,358,304.8,32.0,347.0,+39.0
309,MacKenzie Gore,WSH,SP,218,369,310.5,21.6,296.0,-13.0
310,Matt Brash,SEA,RP,152,383,275.8,52.2,280.0,-30.0
311,Ramon Laureano,CLE,"CF,RF",241,483,321.5,65.4,,
312,Elias Diaz,COL,C,248,402,308.1,39.8,299.0,-13.0
313,Will Smith,KC,RP,183,453,298.9,57.5,298.0,-15.0
314,Lance Lynn,STL,SP,278,389,308.3,29.9,264.0,-50.0
315,Wilmer Flores,SF,"1B,3B,DH",211,340,297.9,30.7,342.0,+27.0
316,Matt Wallner,MIN,"LF,RF",225,377,314.9,29.8,425.0,+109.0
317,Jordan Westburg,BAL,"2B,3B",251,359,304.5,27.4,301.0,-16.0
318,Logan Allen,CLE,SP,187,343,299.8,32.9,330.0,+12.0
319,Will Benson,CIN,"LF,RF",263,371,312.5,32.1,319.0,-
320,Brett Baty,NYM,3B,199,513,312.0,72.6,306.0,-14.0
321,Hunter Renfroe,KC,"1B,RF",211,391,316.2,38.5,322.0,+1.0
322,Michael Busch,CHC,3B,220,517,333.3,88.7,376.0,+54.0
323,Brandon Marsh,PHI,"LF,CF",244,399,320.4,35.6,338.0,+15.0
324,Griffin Canning,LAA,SP,204,853,358.7,158.9,286.0,-38.0
325,Pete Crow-Armstrong,CHC,CF,200,401,295.9,48.7,302.0,-23.0
326,Willi Castro,MIN,"2B,3B,LF,CF",219,377,309.8,37.6,324.0,-2.0
327,Hunter Harvey,WSH,RP,259,382,305.3,31.0,325.0,-2.0
328,Michael Conforto,SF,"LF,RF",243,357,318.4,31.6,447.0,+119.0
329,Danny Jansen,TOR,C,224,393,294.5,58.1,273.0,-56.0
330,Clayton Kershaw,LAD,SP,196,403,310.7,43.5,271.0,-59.0
331,Jon Gray,TEX,SP,223,375,310.9,31.4,295.0,-36.0
332,Yennier Cano,BAL,RP,185,363,311.4,43.0,263.0,-69.0
333,Orlando Arcia,ATL,SS,218,426,323.9,54.7,329.0,-4.0
334,Brendan Rodgers,COL,2B,260,345,314.4,25.9,433.0,+99.0
335,Adalberto Mondesi,,SS ,223,447,316.9,61.9,,
336,Shea Langeliers,OAK,C,250,360,305.5,34.8,285.0,-51.0
337,Aroldis Chapman,PIT,RP,206,384,306.8,48.3,307.0,-30.0
338,James Paxton,LAD,SP,252,441,328.0,60.8,362.0,+24.0
339,Colt Keith,DET,"2B,3B",226,892,390.0,181.3,269.0,-70.0
340,Jorge Lopez,NYM,RP,195,794,363.8,167.2,442.0,+102.0
341,Amed Rosario,,"2B,LF,SS ",258,344,304.4,26.6,396.0,+55.0
342,Garrett Mitchell,MIL,CF,291,769,374.8,140.8,375.0,+33.0
343,Ranger Suarez,PHI,SP,285,349,327.1,15.5,277.0,-66.0
344,Jason Adam,TB,RP,232,385,312.4,34.5,291.0,-53.0
345,Jesse Winker,WSH,DH ,227,345,313.4,37.7,,
346,Ryan Jeffers,MIN,C,241,373,313.9,40.3,327.0,-19.0
347,Brice Turang,MIL,"2B,SS",236,368,315.6,32.1,399.0,+52.0
348,Scott Barlow,CLE,RP,167,420,348.0,52.7,407.0,+59.0
349,Jake Cronenworth,SD,"1B,2B",258,377,325.9,40.0,320.0,-29.0
350,Dean Kremer,BAL,SP,259,357,325.9,27.7,304.0,-46.0
351,Harold Ramirez,TB,"LF,RF,DH",229,613,354.6,110.3,467.0,+116.0
352,Alek Manoah,TOR,SP,243,529,363.8,81.8,300.0,-52.0
353,David Robertson,TEX,RP,256,428,353.3,51.0,350.0,-3.0
354,Anthony Rendon,LAA,3B,186,463,357.2,60.6,403.0,+49.0
355,Oscar Gonzalez,NYY,RF ,207,331,291.8,39.6,,
356,Jordan Hicks,SF,RP,291,450,347.1,49.6,314.0,-42.0
357,Harrison Bader,NYM,CF,228,397,335.1,46.9,394.0,+37.0
358,Bryan Abreu,HOU,RP,204,407,335.9,55.3,254.0,-104.0
359,Daniel Bard,COL,RP,171,357,298.0,65.6,448.0,+89.0
360,Jameson Taillon,CHC,SP,285,387,338.7,31.7,357.0,-3.0
361,Elehuris Montero,COL,"1B,3B",262,374,340.0,36.5,439.0,+78.0
362,Chris Paddack,MIN,"SP,RP",265,457,346.3,71.4,366.0,+4.0
363,DJ LeMahieu,NYY,"1B,2B,3B",287,437,362.3,47.4,288.0,-75.0
364,Ryan O'Hearn,BAL,"1B,RF",237,383,343.0,30.6,415.0,+51.0
365,Gregory Santos,SEA,RP,164,425,344.4,45.8,423.0,+58.0
366,Ezequiel Duran,TEX,"3B,SS,LF,DH",260,869,411.3,176.4,345.0,-21.0
367,Patrick Sandoval,LAA,SP,251,1088,445.0,292.1,387.0,+20.0
368,Ryan Noda,OAK,1B,258,429,360.9,49.0,,
369,Javier Baez,DET,SS,226,395,338.8,39.6,368.0,-1.0
370,Dylan Floro,WSH,RP,215,726,388.3,152.7,454.0,+84.0
371,Masyn Winn,STL,SS,197,394,339.7,43.1,419.0,+48.0
372,Steven Matz,STL,"SP,RP",272,408,339.8,49.2,,
373,Chris Taylor,LAD,"3B,SS,LF",293,466,358.0,53.5,365.0,-8.0
374,Seranthony Dominguez,PHI,RP,217,448,342.8,52.3,450.0,+76.0
375,Tyler Wells,BAL,SP,256,401,322.4,54.9,323.0,-52.0
376,Alek Thomas,ARI,CF,239,409,342.7,35.9,380.0,+4.0
377,Paul Skenes,PIT,SP ,296,523,360.2,77.7,252.0,-125.0
378,Austin Meadows,,LF ,229,355,303.3,51.1,,
379,C.J. Cron,,1B ,239,467,356.7,73.7,,
380,Jonathan Aranda,TB,1B,260,381,311.3,44.1,579.0,+199.0
381,Yoan Moncada,CWS,3B,263,385,335.4,41.9,424.0,+43.0
382,Brusdar Graterol,LAD,RP,298,489,363.0,63.6,336.0,-46.0
383,Colton Cowser,BAL,"LF,CF,RF",201,431,339.0,78.4,514.0,+131.0
384,Jesus Sanchez,MIA,"LF,CF,RF",273,449,358.2,62.5,,
385,Mark Canha,DET,"1B,LF,RF,DH",288,468,372.9,62.2,392.0,+7.0
386,Carlos Santana,MIN,1B,278,462,364.0,80.0,405.0,+19.0
387,Rowdy Tellez,PIT,"1B,DH",254,574,389.4,84.9,460.0,+73.0
388,Louie Varland,MIN,"SP,RP",265,390,344.0,36.5,378.0,-10.0
389,Heston Kjerstad,BAL,DH,202,439,347.4,80.4,445.0,+56.0
390,A.J. Minter,ATL,RP,269,524,378.2,76.6,363.0,-27.0
391,Adam Duvall,,"CF,RF ",204,414,373.4,33.9,446.0,+55.0
392,Taylor Rogers,SF,RP,326,402,350.8,29.0,478.0,+86.0
393,Miles Mikolas,STL,SP,303,397,351.0,34.6,364.0,-29.0
394,Austin Wells,NYY,C,212,448,369.0,67.4,318.0,-76.0
395,Kevin Ginkel,ARI,RP,315,436,366.7,51.5,395.0,-
396,James McArthur,KC,RP,248,427,366.3,38.9,367.0,-29.0
397,Taijuan Walker,PHI,SP,258,560,388.0,88.0,349.0,-48.0
398,Nolan Schanuel,LAA,1B,250,520,390.1,68.5,402.0,+4.0
399,Erick Fedde,CWS,SP,228,560,369.8,130.6,371.0,-28.0
400,Johan Rojas,PHI,CF,125,496,378.4,132.3,381.0,-19.0
401,Giovanny Gallegos,STL,RP,236,427,372.0,33.8,515.0,+114.0
402,Tanner Houck,BOS,SP,253,464,370.8,73.3,490.0,+88.0
403,Justin Lawrence,COL,RP,246,709,426.7,135.6,487.0,+84.0
404,Seth Brown,OAK,"1B,LF,RF",225,467,374.8,84.2,,
405,Davis Schneider,TOR,2B,194,449,370.2,65.8,486.0,+81.0
406,JP Sears,OAK,SP,277,446,369.6,64.9,369.0,-37.0
407,Eddie Rosario,,"LF,RF ",210,506,370.5,106.1,511.0,+104.0
408,Orion Kerkering,PHI,RP,190,442,356.8,102.5,332.0,-76.0
409,LaMonte Wade Jr.,SF,"1B,LF",257,406,378.8,20.3,429.0,+20.0
410,Brenton Doyle,COL,CF,270,462,374.4,68.4,,
411,Garrett Whitlock,BOS,"SP,RP",274,432,379.3,49.5,391.0,-20.0
412,Sawyer Gipson-Long,DET,SP,328,405,369.0,30.6,,
413,J.D. Davis,SF,"1B,3B",297,425,369.2,47.5,,
414,Tyler Soderstrom,OAK,"C,1B",273,640,397.0,171.8,521.0,+107.0
415,Michael Massey,KC,2B,320,398,369.6,30.1,453.0,+38.0
416,Gavin Stone,LAD,SP,254,877,465.2,218.8,571.0,+155.0
417,Andrew Heaney,TEX,"SP,RP",301,416,356.3,44.4,321.0,-96.0
418,Sean Manaea,NYM,"SP,RP",350,445,376.4,34.9,316.0,-102.0
419,Trevor Rogers,MIA,SP,330,429,384.3,27.7,411.0,-8.0
420,Ceddanne Rafaela,BOS,"SS,CF",288,369,341.3,37.7,377.0,-43.0
421,Clarke Schmidt,NYY,SP,298,418,377.6,26.9,355.0,-66.0
422,Brandon Woodruff,,SP ,267,334,300.5,33.5,388.0,-34.0
423,Bryce Elder,ATL,SP,325,576,408.2,87.7,353.0,-70.0
424,A.J. Puk,MIA,RP,300,420,381.0,31.8,384.0,-40.0
425,Dane Dunning,TEX,"SP,RP",305,502,387.5,71.5,351.0,-74.0
426,Alex Cobb,SF,SP,310,421,370.3,42.0,,
427,Connor Wong,BOS,C,270,396,352.3,58.3,440.0,+13.0
428,DL Hall,MIL,RP,326,422,372.5,45.1,416.0,-12.0
429,Graham Ashcraft,CIN,SP,300,421,373.3,45.6,356.0,-73.0
430,Josiah Gray,WSH,SP,272,415,385.2,23.6,361.0,-69.0
431,James Wood,WSH,"CF,RF ",225,414,319.5,94.5,449.0,+18.0
432,Chase Silseth,LAA,"SP,RP",322,404,357.0,34.5,426.0,-6.0
433,Miguel Vargas,LAD,2B,331,413,376.5,30.4,420.0,-13.0
434,Michael Kopech,CWS,SP,215,507,361.0,146.0,560.0,+126.0
435,Hector Neris,CHC,RP,303,447,381.5,52.0,373.0,-62.0
436,Frankie Montas,CIN,"SP,RP",352,514,406.6,62.0,370.0,-66.0
437,Xavier Edwards,MIA,2B,250,423,360.3,78.3,,
438,Yan Gomes,CHC,C,342,410,378.3,28.2,435.0,-3.0
439,Will Brennan,CLE,"LF,CF,RF",218,732,496.3,212.0,,
440,Shane McClanahan,TB,SP ,218,660,439.0,221.0,382.0,-58.0
441,Ricky Tiedemann,TOR,SP ,358,439,390.6,30.8,340.0,-101.0
442,Travis d'Arnaud,ATL,C,349,398,379.5,18.9,343.0,-99.0
443,Mike Yastrzemski,SF,"LF,CF,RF",266,552,404.3,116.9,499.0,+56.0
444,Andrew McCutchen,PIT,"RF,DH",284,413,364.3,57.2,404.0,-40.0
445,Matt Mervis,CHC,1B,247,419,333.0,86.0,,
446,Jose Miranda,MIN,3B,237,519,378.0,141.0,525.0,+79.0
447,Rene Pinto,TB,C,273,497,389.3,91.7,,
448,Curtis Mead,TB,3B,328,417,368.0,36.9,488.0,+40.0
449,Zach McKinstry,DET,"2B,3B,SS,LF,RF",329,757,465.5,171.4,401.0,-48.0
450,Liover Peguero,PIT,"2B,SS",254,1008,528.8,285.5,,
451,Jacob deGrom,TEX,SP,311,439,386.8,47.2,253.0,-198.0
452,Marco Luciano,SF,SS,246,715,476.5,167.4,547.0,+95.0
453,AJ Smith-Shawver,ATL,SP,347,583,425.2,83.4,389.0,-64.0
454,Brady Singer,KC,SP,248,519,420.2,91.1,422.0,-32.0
455,Andrew Nardi,MIA,RP,337,347,342.0,5.0,507.0,+52.0
456,Jacob Young,WSH,CF,257,549,403.0,146.0,,
457,Tyler Black,MIL,"2B,3B ",288,705,461.8,152.5,430.0,-27.0
458,Jose Caballero,TB,"2B,SS",263,819,541.0,278.0,,
459,Ji Man Choi,NYM,"1B,DH ",265,486,375.5,110.5,,
460,Robbie Ray,SF,SP ,315,514,414.3,73.9,354.0,-106.0
461,John Brebbia,CWS,"SP,RP",267,550,408.5,141.5,501.0,+40.0
462,Jake Rogers,DET,C,316,416,378.0,44.2,427.0,-35.0
463,Drew Rasmussen,TB,SP,272,437,354.5,82.5,470.0,+7.0
464,Kyle Gibson,STL,SP,282,520,426.0,89.7,315.0,-149.0
465,Matt Strahm,PHI,"SP,RP",296,508,405.3,86.7,398.0,-67.0
466,Matt Vierling,DET,"3B,LF,CF,RF",317,503,412.3,66.3,463.0,-3.0
467,Patrick Wisdom,CHC,"1B,3B",284,541,412.5,128.5,437.0,-30.0
468,Brandon Belt,,"1B,DH ",289,797,543.0,254.0,,
469,Jasson Dominguez,NYY,CF ,371,393,384.3,9.6,352.0,-117.0
470,Jack Flaherty,DET,SP,339,647,456.3,117.1,312.0,-158.0
471,Patrick Bailey,SF,C,296,434,365.0,69.0,358.0,-113.0
472,Erik Swanson,TOR,RP,299,542,420.5,121.5,417.0,-55.0
473,Gary Sanchez,MIL,C,336,575,436.0,101.4,393.0,-80.0
474,Tom Murphy,SF,C,304,762,533.0,229.0,,
475,Prelander Berroa,CWS,"SP,RP",304,751,527.5,223.5,,
476,Jon Berti,MIA,"2B,3B,SS,LF",337,499,416.8,58.5,359.0,-117.0
477,Connor Phillips,CIN,SP,309,681,498.7,152.0,,
478,Luis Garcia,,SS ,358,392,375.0,17.0,,
479,Yasmani Grandal,PIT,C,319,984,617.0,275.8,529.0,+50.0
480,Luis Garcia,WSH,2B,322,438,380.0,58.0,,
481,Jeffrey Springs,TB,SP,325,449,403.3,55.6,374.0,-107.0
482,Gregory Soto,PHI,RP,326,484,405.0,79.0,502.0,+20.0
483,Jeff Hoffman,PHI,RP,340,420,380.0,40.0,,
484,Joe Kelly,LAD,RP,333,451,392.0,59.0,495.0,+11.0
485,Wilyer Abreu,BOS,"LF,CF",334,461,413.3,56.5,444.0,-41.0
486,Miguel Amaya,CHC,C,336,801,554.7,190.8,,
487,Aaron Ashby,MIL,SP,383,453,413.8,25.1,493.0,+6.0
488,Jhony Brito,SD,"SP,RP",341,654,497.5,156.5,,
489,Cade Horton,CHC,SP ,372,570,446.0,66.8,443.0,-46.0
490,Reynaldo Lopez,ATL,RP,353,533,443.0,90.0,406.0,-84.0
491,Keaton Winn,SF,SP,355,526,440.5,85.5,,
492,Domingo German,,SP ,357,566,461.5,104.5,,
493,Jose Quintana,NYM,SP,399,448,418.8,18.2,385.0,-108.0
494,Mauricio Dubon,HOU,"2B,SS,LF,CF",365,796,580.5,215.5,413.0,-81.0
495,Christian Vazquez,MIN,C,365,687,516.7,132.1,434.0,-61.0
496,Mike Clevinger,,SP ,381,511,435.0,47.3,,
497,Oswald Peraza,NYY,"2B,3B,SS",375,449,423.7,34.4,586.0,+89.0
498,Joel Payamps,MIL,RP,378,517,447.5,69.5,410.0,-88.0
499,Zack Littell,TB,"SP,RP",390,512,438.8,44.9,469.0,-30.0
500,JoJo Romero,STL,RP,381,607,494.0,113.0,,
501,Anthony DeSclafani,MIN,SP,386,614,500.0,114.0,,
502,Griffin Jax,MIN,RP,388,538,463.0,75.0,585.0,+83.0
503,Mickey Moniak,LAA,"LF,CF,RF",394,492,448.3,40.7,,
504,Matt Manning,DET,SP,406,526,452.0,52.8,506.0,+2.0
505,Joe Jimenez,ATL,RP,403,572,487.5,84.5,537.0,+32.0
506,Lance McCullers Jr.,HOU,SP,404,532,468.0,64.0,456.0,-50.0
507,Julian Merryweather,CHC,RP,412,503,452.7,37.8,564.0,+57.0
508,Dustin May,LAD,SP ,414,534,474.0,60.0,421.0,-87.0
509,Drew Thorpe,SD,SP ,417,516,466.5,49.5,492.0,-17.0
510,Kyle Hendricks,CHC,SP,420,551,466.3,51.0,459.0,-51.0
511,Luis Garcia,HOU,SP,428,615,521.5,93.5,494.0,-17.0
512,Max Meyer,MIA,SP,428,525,474.3,39.7,409.0,-103.0
513,Hunter Goodman,COL,"1B,RF",429,603,516.0,87.0,509.0,-4.0
514,Dylan Carlson,STL,"CF,RF",430,713,570.7,115.5,,
515,Drew Waters,KC,"CF,RF",430,648,539.0,109.0,,
516,Jordan Wicks,CHC,SP,430,483,453.0,22.2,479.0,-37.0
517,Hyun Jin Ryu,,SP ,431,502,458.0,31.4,,
518,Jose Urquidy,HOU,"SP,RP",431,472,446.3,18.3,400.0,-118.0
519,Drew Smyly,CHC,"SP,RP",433,599,516.0,83.0,530.0,+11.0
520,Casey Mize,DET,SP,433,505,468.0,30.2,339.0,-181.0
521,Geraldo Perdomo,ARI,"2B,3B,SS",434,604,506.7,71.6,408.0,-113.0
522,Tyler Mahle,TEX,SP,435,592,513.5,78.5,568.0,+46.0
523,Abner Uribe,MIL,RP,435,486,460.5,25.5,542.0,+19.0
524,J.P. France,HOU,SP,437,476,461.0,17.1,432.0,-92.0
525,Wade Miley,MIL,SP,442,500,460.5,23.7,451.0,-74.0
526,Ivan Herrera,STL,C,443,990,716.5,273.5,,
527,Joey Gallo,WSH,"1B,CF,LF,RF",443,805,588.3,152.0,555.0,+28.0
528,Taylor Walls,TB,"2B,3B,SS",444,1096,770.0,326.0,,
529,David Peterson,NYM,"SP,RP",444,509,476.5,32.5,,
530,Ross Stripling,OAK,"SP,RP",445,573,509.0,64.0,582.0,+52.0
531,Dylan Crews,WSH,CF ,445,479,462.0,17.0,333.0,-198.0
532,Sixto Sanchez,MIA,SP,446,665,555.5,109.5,,
533,Javier Assad,CHC,"SP,RP",450,899,604.7,208.2,464.0,-69.0
534,Manuel Margot,LAD,"CF,RF",450,754,603.0,124.1,,
535,Lucas Erceg,OAK,RP,454,728,591.0,137.0,,
536,Edward Olivares,PIT,"LF,DH",458,561,509.5,51.5,,
537,Alex Faedo,DET,SP,461,600,530.5,69.5,,
538,Jonathan Loaisiga,NYY,RP,468,659,563.5,95.5,,
539,Robert Gasser,MIL,SP ,469,494,481.5,12.5,535.0,-4.0
540,Mark Leiter Jr.,CHC,RP,473,612,542.5,69.5,552.0,+12.0
541,Joe Boyle,OAK,SP,474,760,617.0,143.0,,
542,Josh Sborz,TEX,RP,475,578,526.5,51.5,553.0,+11.0
543,Cole Irvin,BAL,"SP,RP",478,616,547.0,69.0,,
544,Nick Martinez,CIN,"SP,RP",480,793,636.5,156.5,458.0,-86.0
545,Luis Matos,SF,"LF,CF,RF",481,1017,749.0,268.0,516.0,-29.0
546,Ben Brown,CHC,"SP,RP",481,574,527.5,46.5,,
547,Hayden Wesneski,CHC,"SP,RP",484,692,588.0,104.0,,
548,Ben Joyce,LAA,RP,485,792,638.5,153.5,538.0,-10.0
549,Tylor Megill,NYM,SP,487,650,568.5,81.5,,
550,Oscar Colas,CWS,"CF,RF",490,498,494.0,4.0,485.0,-65.0
551,Tyrone Taylor,NYM,"LF,CF,RF",493,707,600.0,107.0,,
552,Brandon Williamson,CIN,SP,495,1069,782.0,287.0,,
553,James Karinchak,CLE,RP,495,655,575.0,80.0,,
554,Freddy Fermin,KC,C,496,765,630.5,134.5,,
555,Colin Rea,MIL,SP,499,558,528.5,29.5,,
556,Joey Wiemer,MIL,"CF,RF",501,948,724.5,223.5,,
557,Adam Ottavino,NYM,RP,504,577,540.5,36.5,438.0,-119.0
558,Josh Rojas,SEA,"2B,3B",508,515,511.5,3.5,431.0,-127.0
559,Will Warren,NYY,SP ,509,521,515.0,6.0,,
560,Isiah Kiner-Falefa,TOR,"3B,LF,CF",510,804,657.0,147.0,532.0,-28.0
561,Joey Lucchesi,NYM,SP,510,652,581.0,71.0,,
562,Dany Jimenez,OAK,RP,512,579,545.5,33.5,,
563,Akil Baddoo,DET,LF,513,830,671.5,158.5,,
564,Michael A. Taylor,,CF ,518,552,535.0,17.0,,
565,Jo Adell,LAA,"CF,RF",522,943,732.5,210.5,587.0,+22.0
566,Michael Lorenzen,,"RP,SP ",525,607,566.0,41.0,505.0,-61.0
567,Jared Jones,PIT,SP ,528,887,707.5,179.5,570.0,+3.0
568,Ken Waldichuk,OAK,"SP,RP ",529,688,608.5,79.5,,
569,Randal Grichuk,ARI,"CF,LF,RF",530,620,575.0,45.0,,
570,Nick Fortes,MIA,C,531,626,578.5,47.5,,
571,Allan Winans,ATL,SP,533,650,591.5,58.5,,
572,Trent Grisham,NYY,CF,537,598,567.5,30.5,574.0,+2.0
573,Mark Vientos,NYM,"1B,3B,DH",541,563,552.0,11.0,546.0,-27.0
574,Stone Garrett,WSH,"LF,RF",543,554,548.5,5.5,,
575,Cavan Biggio,TOR,"1B,2B,3B,RF",544,888,716.0,172.0,471.0,-104.0
576,Kirby Yates,TEX,RP,545,564,554.5,9.5,,
577,Emerson Hancock,SEA,SP,546,556,551.0,5.0,,
578,Wilmer Flores,DET,SP,548,648,598.0,50.0,,
579,Brayan Rocchio,CLE,"3B,SS",553,711,632.0,79.0,583.0,+4.0
580,Paul Blackburn,OAK,SP,555,784,669.5,114.5,,
581,Kyle Isbel,KC,CF,556,622,589.0,33.0,,
582,Ryne Nelson,ARI,SP,557,857,707.0,150.0,,
583,Roansy Contreras,PIT,"SP,RP",561,621,591.0,30.0,,
584,Ty Madden,DET,SP ,562,609,585.5,23.5,,
585,Cade Cavalli,WSH,SP,562,598,580.0,18.0,,
586,Tyler Anderson,LAA,SP,563,851,707.0,144.0,523.0,-63.0
587,Christian Bethancourt,MIA,C,565,581,573.0,8.0,,
588,Matthew Liberatore,STL,"SP,RP",567,667,617.0,50.0,,
589,Kike Hernandez,,"1B,2B,3B,CF,LF,SS ",568,924,746.0,178.0,503.0,-86.0
590,Nick Senzel,WSH,"3B,LF,CF,RF",570,719,644.5,74.5,475.0,-115.0
591,Garrett Cooper,,"1B,DH ",571,803,687.0,116.0,,
592,Gio Urshela,,"1B,3B,SS ",575,897,736.0,161.0,,
593,Adam Frazier,KC,2B,576,698,637.0,61.0,551.0,-42.0
594,Michael Soroka,CWS,SP,579,608,593.5,14.5,,
595,Kyle Higashioka,SD,C,580,905,742.5,162.5,,
596,Nate Pearson,TOR,RP,581,704,642.5,61.5,,
597,Kevin Kiermaier,TOR,CF,585,637,611.0,26.0,517.0,-80.0
598,Adrian Houser,NYM,SP,587,759,673.0,86.0,573.0,-25.0
599,Eric Lauer,,SP ,588,697,642.5,54.5,,
600,Jack Leiter,TEX,SP ,589,717,653.0,64.0,,
601,JJ Bleday,OAK,"LF,CF,RF",590,674,632.0,42.0,,
602,Mike Tauchman,CHC,"CF,RF",595,798,696.5,101.5,,
603,Luis Urias,SEA,"2B,3B",596,731,663.5,67.5,513.0,-90.0
604,Ryan Yarbrough,LAD,"SP,RP",597,763,680.0,83.0,,
605,Shintaro Fujinami,NYM,"SP,RP",602,1092,847.0,245.0,,
606,Connor Joe,PIT,"1B,LF,RF",604,871,737.5,133.5,575.0,-31.0
607,James McCann,BAL,C,611,1032,821.5,210.5,,
608,Lucas Sims,CIN,RP,620,774,697.0,77.0,,
609,Nick Madrigal,CHC,"2B,3B",621,889,755.0,134.0,588.0,-21.0
610,Reese McGuire,BOS,C,623,1034,828.5,205.5,,
611,Myles Straw,CLE,CF,625,752,688.5,63.5,581.0,-30.0
612,Trevor Megill,MIL,RP,627,683,655.0,28.0,,
613,Jared Shuster,CWS,SP,628,961,794.5,166.5,,
614,Elvis Andrus,,"2B,SS ",636,1061,848.5,212.5,,
615,Brandon Hughes,ARI,RP ,637,812,724.5,87.5,,
616,Jurickson Profar,SD,LF,639,1077,858.0,219.0,,
617,Alex Wood,OAK,"RP,SP",640,982,811.0,171.0,,
618,Jason Heyward,LAD,"CF,RF",642,730,686.0,44.0,533.0,-85.0
619,Alec Marsh,KC,"SP,RP",643,999,821.0,178.0,,
620,Aaron Hicks,LAA,"CF,LF,RF",646,1080,863.0,217.0,592.0,-28.0
621,Bailey Falter,PIT,SP,653,723,688.0,35.0,,
622,Trevor Richards,TOR,RP,656,678,667.0,11.0,,
623,Dylan Dodd,ATL,SP,663,825,744.0,81.0,,
624,Jimmy Herget,LAA,RP,664,822,743.0,79.0,,
,,,,,,,,,
,,,,,,,,,
